Sr.,Stock Name,Symbol,close,%_change,volume,Add Column
"1","Wheels India Limited","WHEELS","1,206.35","13.35%","21,67,586",""
"2","MTAR Technologies Ltd","MTARTECH","5,656.5","6.89%","8,23,601",""
"3","Rbl Bank Limited","RBLBANK","341.2","6.38%","2,26,86,762",""
"4","The Great Eastern Shipping Company Limited","GESHIP","1,554.6","5.44%","25,00,676",""
"5","Sigma Advanced System Ltd","SIGMAADV","273.95","5%","49,851",""
"6","Sterlite Technologies Limited","STLTECH","298.22","4.59%","1,61,96,246",""
"7","Apar Industries Limited","APARINDS","12,387.5","4.43%","1,81,004",""
"8","Setco Automotive Limited","SETCO","26.91","4.34%","4,90,479",""
"9","Cupid Limited","CUPID","115.84","3.86%","1,26,21,491",""
"10","Welspun Corp Limited","WELCORP","1,267.3","3.34%","19,14,719",""
"11","Multi Commodity Exchange Of India Limited","MCX","2,968.3","2.43%","26,98,924",""
"12","Nestle India Limited","NESTLEIND","1,465.6","1.78%","27,53,356",""
"13","Adani Ports And Special Economic Zone Limited","ADANIPORTS","1,661.1","1.44%","23,45,365",""
"14","Data Patterns (India) Ltd","DATAPATTNS","4,118.1","1.43%","18,14,621",""
"15","Indian Metals & Ferro Alloys Limited","IMFA","1,653.9","1.35%","3,22,175",""
"16","Precision Wires India Limited","PRECWIRE","416","0.81%","6,35,295",""
"17","Jayaswal Neco Industries Limited","JAYNECOIND","110.64","0.76%","96,85,200",""
"18","Bharat Forge Limited","BHARATFORG","1,907.8","0.69%","17,52,427",""
"19","Mirae Asset NYSE FANG+ ETF","MAFANG","181.93","0.63%","8,48,042",""
"20","Cummins India Limited","CUMMINSIND","5,288","0.57%","3,28,892",""
"21","Glenmark Pharmaceuticals Limited","GLENMARK","2,413.9","0.42%","6,16,900",""
"22","SAL Steel","SALSTEEL","58.9","0.32%","1,66,685",""
"23","BSE (Bombay stock exchange) Ltd","BSE","3,635.7","0.26%","26,58,476",""
"24","Hitachi Energy India Ltd","POWERINDIA","32,885","0.24%","95,678",""
"25","Mirae Asset S&P 500 Top 50 ETF","MASPTOP50","77.04","0.18%","46,566",""
"26","Td Power Systems Limited","TDPOWERSYS","1,146.5","0.08%","13,78,100",""
"27","Nlc India Limited","NLCINDIA","318.2","0.02%","65,13,443",""
"28","Granules India Limited","GRANULES","704.55","-0.09%","54,31,727",""
"29","Heg Limited","HEG","658.4","-0.11%","11,04,645",""
"30","Kapston Services Ltd","KAPSTON","346.6","-0.65%","11,726",""
"31","Hindalco Industries Limited","HINDALCO","1,067.2","-0.66%","37,10,080",""
"32","Kirloskar Oil Engines Limited","KIRLOSENG","1,699.1","-1.47%","3,68,050",""
"33","Adani Power Limited","ADANIPOWER","219.28","-1.82%","5,19,32,086",""
"34","Bharat Heavy Electricals Limited","BHEL","344.5","-2.88%","1,47,16,414",""
"35","Sakar Healthcare Ltd","SAKAR","625.65","-4.06%","68,520",""
"36","Steelcast Ltd","STEELCAS","296.96","-4.15%","93,094",""